ID,CNPJ,RAZÃO_SOCIAL,MOTIVO
183,121826744872635,NMN,CNPJ INVÁLIDO
197,161673281681802,NMN,CNPJ INVÁLIDO
267,2799259782329,NMN,CNPJ INVÁLIDO
322,205790368602397,NMN,CNPJ INVÁLIDO
343,3064287232380,NMN,CNPJ INVÁLIDO
380,7077144711904,NMN,CNPJ INVÁLIDO
394,5825049323094,NMN,CNPJ INVÁLIDO
395,6198758112397,NMN,CNPJ INVÁLIDO
422,2008194532040,NMN,CNPJ INVÁLIDO
458,206162288481972,NMN,CNPJ INVÁLIDO
491,200412413841870,NMN,CNPJ INVÁLIDO
496,9748403502363,NMN,CNPJ INVÁLIDO
574,6350974411938,NMN,CNPJ INVÁLIDO
595,128860377741819,NMN,CNPJ INVÁLIDO
601,4811757523145,NMN,CNPJ INVÁLIDO
631,6673212306834,NMN,CNPJ INVÁLIDO
709,172303846123366,NMN,CNPJ INVÁLIDO
730,2735283852210,NMN,CNPJ INVÁLIDO
756,8134864483009,NMN,CNPJ INVÁLIDO
773,5850637381717,NMN,CNPJ INVÁLIDO
778,153703025822261,NMN,CNPJ INVÁLIDO
790,179496645741751,NMN,CNPJ INVÁLIDO
815,253729396713383,NMN,CNPJ INVÁLIDO
816,254032736892363,NMN,CNPJ INVÁLIDO
838,254606823832686,NMN,CNPJ INVÁLIDO
884,263451717963060,NMN,CNPJ INVÁLIDO
886,252905272751802,NMN,CNPJ INVÁLIDO
892,234248042541751,NMN,CNPJ INVÁLIDO
974,8557498082040,NMN,CNPJ INVÁLIDO
985,8479840893247,NMN,CNPJ INVÁLIDO
46,03247,MMNPP JP MRMSVL,CNPJ INVÁLIDO
107,1776560336422202,NMN,CNPJ INVÁLIDO
153,2227510850105944,NMN,CNPJ INVÁLIDO
191,151923892692074,NMN,CNPJ INVÁLIDO
231,2000498462992,NMN,CNPJ INVÁLIDO
249,227899929232754,NMN,CNPJ INVÁLIDO
277,227804316472074,NMN,CNPJ INVÁLIDO
300,123943814372907,NMN,CNPJ INVÁLIDO
365,196405061812533,NMN,CNPJ INVÁLIDO
367,2792450941904,NMN,CNPJ INVÁLIDO
368,911523342771,NMN,CNPJ INVÁLIDO
373,206140142413077,NMN,CNPJ INVÁLIDO
386,8333020223179,NMN,CNPJ INVÁLIDO
418,3070448711717,NMN,CNPJ INVÁLIDO
445,4923461802550,NMN,CNPJ INVÁLIDO
471,6577007092584,NMN,CNPJ INVÁLIDO
473,6886161952091,NMN,CNPJ INVÁLIDO
476,7728186571802,NMN,CNPJ INVÁLIDO
483,166359173922533,NMN,CNPJ INVÁLIDO
485,9613402931836,NMN,CNPJ INVÁLIDO
573,205944821763247,NMN,CNPJ INVÁLIDO
629,6673212303944,NMN,CNPJ INVÁLIDO
644,9313756173570,NMN,CNPJ INVÁLIDO
645,9313756175100,NMN,CNPJ INVÁLIDO
669,157226297072550,NMN,CNPJ INVÁLIDO
698,171334837791921,MMNPP PMN S.M.,CNPJ INVÁLIDO
719,207979754572074,NMN,CNPJ INVÁLIDO
720,187160651191751,NMN,CNPJ INVÁLIDO
725,166458566802550,NMN,CNPJ INVÁLIDO
754,170896661772720,NMN,CNPJ INVÁLIDO
757,470376401751,NMN,CNPJ INVÁLIDO
779,154631418091802,NMN,CNPJ INVÁLIDO
782,174033040053111,NMN,CNPJ INVÁLIDO
818,253548592532703,NMN,CNPJ INVÁLIDO
819,8217550272890,NMN,CNPJ INVÁLIDO
842,234422780612006,NMN,CNPJ INVÁLIDO
863,281744019203145,NMN,CNPJ INVÁLIDO
902,253685020762788,NMN,CNPJ INVÁLIDO
1010,7075615901819,NMN,CNPJ INVÁLIDO
6,202645875202414,PPPPJRMTVVM PJNTRML JJ PRJJVTP JP NPRTJ/NPRJJSTJ - PJNTRML SVPRJJV NPRTJ/NPRJJSTJ,CNPJ INVÁLIDO
79,8448594212924,NMN,CNPJ INVÁLIDO
111,1776560336455743,NMN,CNPJ INVÁLIDO
131,17765603364468078,NMN,CNPJ INVÁLIDO
150,2227510850113322,NMN,CNPJ INVÁLIDO
167,180069680721955,NMN,CNPJ INVÁLIDO
184,147431104472533,NMN,CNPJ INVÁLIDO
192,169074042811700,NMN,CNPJ INVÁLIDO
232,893079362159,NMN,CNPJ INVÁLIDO
286,2045839671819,NMN,CNPJ INVÁLIDO
320,123905362921734,NMN,CNPJ INVÁLIDO
362,156169577242465,NMN,CNPJ INVÁLIDO
381,7477851883383,NMN,CNPJ INVÁLIDO
383,7635290413009,NMN,CNPJ INVÁLIDO
387,8766725411955,NMN,CNPJ INVÁLIDO
447,6281261833366,NMN,CNPJ INVÁLIDO
472,6049215061853,NMN,CNPJ INVÁLIDO
520,188741411833026,NMN,CNPJ INVÁLIDO
704,7405370682380,NMN,CNPJ INVÁLIDO
713,141873333911802,NMN,CNPJ INVÁLIDO
715,155615639382839,NMN,CNPJ INVÁLIDO
721,130671196832261,NMN,CNPJ INVÁLIDO
738,166306310043111,NMN,CNPJ INVÁLIDO
767,171393082852040,NMN,CNPJ INVÁLIDO
772,159872979303196,NMN,CNPJ INVÁLIDO
780,134796229662652,NMN,CNPJ INVÁLIDO
788,3002741792516,NMN,CNPJ INVÁLIDO
796,175857161812499,NMN,CNPJ INVÁLIDO
843,237168673651751,NMN,CNPJ INVÁLIDO
858,8976955573230,NMN,CNPJ INVÁLIDO
870,253683116253077,NMN,CNPJ INVÁLIDO
912,228042984232499,NMN,CNPJ INVÁLIDO
928,6933040643230,ZNVPRVMJ NPRTJ JP PMRMNÁ - PPPPJRMTVVM JJ PRÉJVTP LTJM,CNPJ INVÁLIDO
938,7995682082346,NMN,CNPJ INVÁLIDO
952,8412752431819,NMN,CNPJ INVÁLIDO
955,4051118192601,NMN,CNPJ INVÁLIDO
4,179391548002057,MMNK PJ MMJRVPM MJRRVLL LYNPV MMNPP MZLTVPLP S.M.,CNPJ INVÁLIDO
47,167157036452380,MMNPP TRVPZRY,CNPJ INVÁLIDO
49,1041281451768,PMVXM JPPNÔMVPM JJJJRML,CNPJ INVÁLIDO
56,8705344702873,NMN,CNPJ INVÁLIDO
59,3323364173213,NMN,CNPJ INVÁLIDO
71,174897661582074,NMN,CNPJ INVÁLIDO
95,9042731971819,NMN,CNPJ INVÁLIDO
101,6673212302567,NMN,CNPJ INVÁLIDO
128,17765603364376397,NMN,CNPJ INVÁLIDO
132,9603154993230,NMN,CNPJ INVÁLIDO
146,206264172542975,NMN,CNPJ INVÁLIDO
190,137301356803094,NMN,CNPJ INVÁLIDO
215,265547595092244,MMNPP JPVN JJJRJ S.M.,CNPJ INVÁLIDO
255,250828408931887,NMN,CNPJ INVÁLIDO
256,235844362942975,NMN,CNPJ INVÁLIDO
269,107667091611751,NMN,CNPJ INVÁLIDO
271,108753757622431,NMN,CNPJ INVÁLIDO
324,185646461702210,NMN,CNPJ INVÁLIDO
352,249916215112448,NMN,CNPJ INVÁLIDO
428,5018531242737,NMN,CNPJ INVÁLIDO
444,6407326522584,NMN,CNPJ INVÁLIDO
487,9448970602771,NMN,CNPJ INVÁLIDO
575,6504757091802,NMN,CNPJ INVÁLIDO
599,6504794663009,NMN,CNPJ INVÁLIDO
605,9980022552380,NMN,CNPJ INVÁLIDO
664,8015536382074,NMN,CNPJ INVÁLIDO
716,133109732593383,NMN,CNPJ INVÁLIDO
723,152983427382091,NMN,CNPJ INVÁLIDO
735,151942345342431,NMN,CNPJ INVÁLIDO
750,214046410781904,NMN,CNPJ INVÁLIDO
771,138558960532312,NMN,CNPJ INVÁLIDO
856,108209128452414,NMN,CNPJ INVÁLIDO
867,8857982943179,NMN,CNPJ INVÁLIDO
894,203547410701768,NMN,CNPJ INVÁLIDO
897,275777934991870,NMN,CNPJ INVÁLIDO
917,154668996763128,VSMP MMNPP JJ VNVJSTVMJNTPS SM,CNPJ INVÁLIDO
949,182733627812176,NMN,CNPJ INVÁLIDO
1004,2807048332244,NMN,CNPJ INVÁLIDO
90,202379151321836,NMN,CNPJ INVÁLIDO
121,17765603364215781,NMN,CNPJ INVÁLIDO
159,177656033642924,NMN,CNPJ INVÁLIDO
196,178556563423247,NMN,CNPJ INVÁLIDO
200,7682877152601,MMNPP PMTJRPVLLMR S.M.,CNPJ INVÁLIDO
219,134589612002533,NMN,CNPJ INVÁLIDO
233,202637005793145,NMN,CNPJ INVÁLIDO
264,185757807622465,NMN,CNPJ INVÁLIDO
274,4972210323298,NMN,CNPJ INVÁLIDO
332,186349607373060,NMN,CNPJ INVÁLIDO
467,3433207291870,NMN,CNPJ INVÁLIDO
479,2752479352805,NMN,CNPJ INVÁLIDO
482,5387396392550,NMN,CNPJ INVÁLIDO
486,9621255061870,NMN,CNPJ INVÁLIDO
528,136044793473281,NMN,CNPJ INVÁLIDO
552,153854375122363,NMN,CNPJ INVÁLIDO
571,207209167862550,NMN,CNPJ INVÁLIDO
632,6673212309945,NMN,CNPJ INVÁLIDO
667,170825486852533,MMNPP VPLKSWMPJN S.M.,CNPJ INVÁLIDO
688,181478292732278,NMN,CNPJ INVÁLIDO
697,8648168942975,MMNPP PNV VNJZSTRVML PMPVTML S.M.,CNPJ INVÁLIDO
733,9827881392839,NMN,CNPJ INVÁLIDO
770,130181989191819,NMN,CNPJ INVÁLIDO
890,219813391331989,NMN,CNPJ INVÁLIDO
923,111226901133298,MMNPP JJ JJSJNVPLVVMJNTP JJ MVNMS PJRMVS S.M – MJMP,CNPJ INVÁLIDO
929,3717583291853,NMN,CNPJ INVÁLIDO
1013,9220631702346,NMN,CNPJ INVÁLIDO
10,227248696632040,MMNPP PZRVNVJST S/M,CNPJ INVÁLIDO
42,167669647312890,MMNPP VPLVP (MRMSVL) S.M,CNPJ INVÁLIDO
108,1776560336428203,NMN,CNPJ INVÁLIDO
112,1776560336485850,NMN,CNPJ INVÁLIDO
123,17765603364236436,NMN,CNPJ INVÁLIDO
149,261258566323095190,NMN,CNPJ INVÁLIDO
163,261258566323585283,NMN,CNPJ INVÁLIDO
194,131326770212618,NMN,CNPJ INVÁLIDO
234,306860203230,NMN,CNPJ INVÁLIDO
253,234130633402805,NMN,CNPJ INVÁLIDO
279,246491238541717,NMN,CNPJ INVÁLIDO
305,2323692942771,NMN,CNPJ INVÁLIDO
309,205878490482040,NMN,CNPJ INVÁLIDO
311,205391106432261,NMN,CNPJ INVÁLIDO
363,193017730382941,NMN,CNPJ INVÁLIDO
369,155872233812057,NMN,CNPJ INVÁLIDO
372,155837805242873,NMN,CNPJ INVÁLIDO
526,148804129022023,NMN,CNPJ INVÁLIDO
665,267908973633332,MMNRVSZL,CNPJ INVÁLIDO
693,189470301621717,NMN,CNPJ INVÁLIDO
707,194616897432499,NMN,CNPJ INVÁLIDO
711,167610977422482,NMN,CNPJ INVÁLIDO
714,4422093042992,NMN,CNPJ INVÁLIDO
747,210831678821700,NMN,CNPJ INVÁLIDO
752,250863383711700,NMN,CNPJ INVÁLIDO
776,125868311613128,NMN,CNPJ INVÁLIDO
814,254032187791887,NMN,CNPJ INVÁLIDO
839,254430571401785,NMN,CNPJ INVÁLIDO
874,8453183532040,NMN,CNPJ INVÁLIDO
883,275166179792023,NMN,CNPJ INVÁLIDO
899,253684974522907,NMN,CNPJ INVÁLIDO
965,3340264893383,NMN,CNPJ INVÁLIDO
12,4792851141836,PPPPJRJPRTJ- PPPP JJ JPPN. J PRJJ. MZTZP JPS JZNPV.JJ VNSTVTZVPPJS JVNMNPJVRMS PZMLVPMS JJJJRMVS LTJ,CNPJ INVÁLIDO
48,225874151942244,PRJJVMLVMNÇM PPPPJRMTVVM JJ PRÉJVTP RZRML,CNPJ INVÁLIDO
50,2958117302720,RMMPMMNK VNTJRNMTVPNML MRMSVL S.M.,CNPJ INVÁLIDO
61,1107682091853,NMN,CNPJ INVÁLIDO
64,261258566322414,MMNPP SMNTMNJJR S/M,CNPJ INVÁLIDO
74,9219582632550,NMN,CNPJ INVÁLIDO
98,240781529123060,NMN,CNPJ INVÁLIDO
120,17765603364170918,NMN,CNPJ INVÁLIDO
127,17765603364330378,NMN,CNPJ INVÁLIDO
199,174840829732142,MMNPP MZJP MRMSVL S.M,CNPJ INVÁLIDO
210,732464721989,MMNPP NJPN S/M,CNPJ INVÁLIDO
244,213938024222210,NMN,CNPJ INVÁLIDO
284,234934683423077,NMN,CNPJ INVÁLIDO
317,205216694933077,NMN,CNPJ INVÁLIDO
339,206465663342686,NMN,CNPJ INVÁLIDO
340,124081554661700,NMN,CNPJ INVÁLIDO
341,121181228692720,NMN,CNPJ INVÁLIDO
348,4638444221768,NMN,CNPJ INVÁLIDO
349,191902378231853,NMN,CNPJ INVÁLIDO
378,7072176802839,NMN,CNPJ INVÁLIDO
382,7306356392414,NMN,CNPJ INVÁLIDO
430,206050928111734,NMN,CNPJ INVÁLIDO
438,4508151462550,NMN,CNPJ INVÁLIDO
452,5026793752210,NMN,CNPJ INVÁLIDO
465,6451586872703,NMN,CNPJ INVÁLIDO
469,242286369461717,NMN,CNPJ INVÁLIDO
470,243212198302363,NMN,CNPJ INVÁLIDO
478,120776004452839,NMN,CNPJ INVÁLIDO
493,2647095502482,NMN,CNPJ INVÁLIDO
628,8721086532040,NMN,CNPJ INVÁLIDO
729,211193680222346,NMN,CNPJ INVÁLIDO
760,177832057762635,MMNPP SPPVJTJ PJNJRMLJ MRMSVL S.M.,CNPJ INVÁLIDO
777,124796783422210,NMN,CNPJ INVÁLIDO
795,936076782873,NMN,CNPJ INVÁLIDO
841,228460632583077,NMN,CNPJ INVÁLIDO
860,257574515703213,NMN,CNPJ INVÁLIDO
889,225376274303009,NMN,CNPJ INVÁLIDO
973,7797222893179,NMN,CNPJ INVÁLIDO
11,220973899733247,PRJJVPPPPMVJL,CNPJ INVÁLIDO
37,171303608451921,MMNPP PMMP S.M.,CNPJ INVÁLIDO
57,6377007533060,NMN,CNPJ INVÁLIDO
63,214202121092448,NMN,CNPJ INVÁLIDO
85,119227600252992,NMN,CNPJ INVÁLIDO
86,202998391622890,NMN,CNPJ INVÁLIDO
106,1776560336414433,NMN,CNPJ INVÁLIDO
117,17765603364159630,NMN,CNPJ INVÁLIDO
122,17765603364227817,NMN,CNPJ INVÁLIDO
151,2227510850174488,NMN,CNPJ INVÁLIDO
187,136388200611802,NMN,CNPJ INVÁLIDO
205,127707501832142,MMNPP JJ LM PRPVVNPVM JJ MZJNPS MVRJS,CNPJ INVÁLIDO
217,175626271042805,NMN,CNPJ INVÁLIDO
246,5946417762839,NMN,CNPJ INVÁLIDO
282,235153173202210,NMN,CNPJ INVÁLIDO
288,4016091393196,NMN,CNPJ INVÁLIDO
303,1242382102567,NMN,CNPJ INVÁLIDO
323,206653822571989,NMN,CNPJ INVÁLIDO
333,206323015833332,NMN,CNPJ INVÁLIDO
361,173023028402040,NMN,CNPJ INVÁLIDO
437,5782586553230,NMN,CNPJ INVÁLIDO
451,4751922962380,NMN,CNPJ INVÁLIDO
459,3745555603315,NMN,CNPJ INVÁLIDO
489,181126328302941,NMN,CNPJ INVÁLIDO
506,6239550463196,NMN,CNPJ INVÁLIDO
569,8829727412771,NMN,CNPJ INVÁLIDO
696,175922920873196,NMN,CNPJ INVÁLIDO
708,4349311281785,NMN,CNPJ INVÁLIDO
710,139127273252788,NMN,CNPJ INVÁLIDO
727,125047294402380,NMN,CNPJ INVÁLIDO
731,150050250782907,NMN,CNPJ INVÁLIDO
734,150912473612210,NMN,CNPJ INVÁLIDO
768,197430121692754,NMN,CNPJ INVÁLIDO
789,3150178033145,NMN,CNPJ INVÁLIDO
802,146953349901785,NMN,CNPJ INVÁLIDO
888,231866936862516,NMN,CNPJ INVÁLIDO
891,228561421331734,NMN,CNPJ INVÁLIDO
898,9285058473043,NMN,CNPJ INVÁLIDO
903,226616653632720,NMN,CNPJ INVÁLIDO
905,166601717173128,NMN,CNPJ INVÁLIDO
909,262207876412074,NMN,CNPJ INVÁLIDO
926,175969579923060,MMNPP SPJVSM S.M,CNPJ INVÁLIDO
981,8861297772907,NMN,CNPJ INVÁLIDO
1001,5341650582686,NMN,CNPJ INVÁLIDO
33,175753011992669,MMNPP MJRPJJJS-MJNZ JP MRMSVL S/M,CNPJ INVÁLIDO
54,2242641717,NMN,CNPJ INVÁLIDO
68,171776759251717,NMN,CNPJ INVÁLIDO
130,17765603364439161,NMN,CNPJ INVÁLIDO
193,263302198032686,NMN,CNPJ INVÁLIDO
195,258021974402822,NMN,CNPJ INVÁLIDO
203,268466324581836,MMNPP PRVPVNML S/M,CNPJ INVÁLIDO
209,268406640302380,MMNPP M J RJNNJR SM,CNPJ INVÁLIDO
263,120504627672210,NMN,CNPJ INVÁLIDO
272,281372723562261,NMN,CNPJ INVÁLIDO
273,4627878382040,NMN,CNPJ INVÁLIDO
275,6040464142040,NMN,CNPJ INVÁLIDO
297,191488827903060,NMN,CNPJ INVÁLIDO
345,120533975621700,NMN,CNPJ INVÁLIDO
371,4733672612720,NMN,CNPJ INVÁLIDO
390,9707261461989,NMN,CNPJ INVÁLIDO
420,250230791613043,NMN,CNPJ INVÁLIDO
453,4819843743349,NMN,CNPJ INVÁLIDO
461,5869991712176,NMN,CNPJ INVÁLIDO
463,5990363102482,NMN,CNPJ INVÁLIDO
484,211238270032482,NMN,CNPJ INVÁLIDO
509,192345871852890,NMN,CNPJ INVÁLIDO
572,3640007021819,NMN,CNPJ INVÁLIDO
675,238828013392346,NMN,CNPJ INVÁLIDO
690,5773098682771,NMN,CNPJ INVÁLIDO
694,106641739841700,NMN,CNPJ INVÁLIDO
700,125559908152380,NMN,CNPJ INVÁLIDO
732,2824142682091,NMN,CNPJ INVÁLIDO
739,139219565402363,NMN,CNPJ INVÁLIDO
741,6114864302227,NMN,CNPJ INVÁLIDO
787,240873679662550,NMN,CNPJ INVÁLIDO
817,256905243722941,NMN,CNPJ INVÁLIDO
833,268182069961853,NMN,CNPJ INVÁLIDO
893,234645186342312,NMN,CNPJ INVÁLIDO
935,9676196852499,NMN,CNPJ INVÁLIDO
1003,2807057002006,NMN,CNPJ INVÁLIDO
89,102800909612227,NMN,CNPJ INVÁLIDO
135,2455248632329,NMN,CNPJ INVÁLIDO
208,197644211819,NMN,CNPJ INVÁLIDO
248,227833077751734,NMN,CNPJ INVÁLIDO
251,233973278682465,NMN,CNPJ INVÁLIDO
262,111519822863230,NMN,CNPJ INVÁLIDO
280,227911419871955,NMN,CNPJ INVÁLIDO
306,188541871783383,NMN,CNPJ INVÁLIDO
327,205637591642210,NMN,CNPJ INVÁLIDO
364,142735097231955,NMN,CNPJ INVÁLIDO
374,154972727092329,NMN,CNPJ INVÁLIDO
377,6595456852193,NMN,CNPJ INVÁLIDO
423,107150232452720,NMN,CNPJ INVÁLIDO
433,187096059692244,NMN,CNPJ INVÁLIDO
434,107160390801734,NMN,CNPJ INVÁLIDO
439,206283651142057,NMN,CNPJ INVÁLIDO
443,5087099382482,NMN,CNPJ INVÁLIDO
448,4911994282193,NMN,CNPJ INVÁLIDO
462,6976587163281,NMN,CNPJ INVÁLIDO
468,7532221453009,NMN,CNPJ INVÁLIDO
494,167684143552550,NMN,CNPJ INVÁLIDO
535,196276858523264,NMN,CNPJ INVÁLIDO
603,4649099651972,NMN,CNPJ INVÁLIDO
623,142583525403230,VNP MMNK N.V. JVLVML JJ SÃP PMZLP,CNPJ INVÁLIDO
627,201493429902465,NMN,CNPJ INVÁLIDO
728,129931455092550,NMN,CNPJ INVÁLIDO
737,2548485812380,NMN,CNPJ INVÁLIDO
742,7345533232210,NMN,CNPJ INVÁLIDO
745,3201423512210,NMN,CNPJ INVÁLIDO
774,2113514801887,NMN,CNPJ INVÁLIDO
823,235437566541785,NMN,CNPJ INVÁLIDO
832,264686377981853,NMN,CNPJ INVÁLIDO
904,228493728862873,NMN,CNPJ INVÁLIDO
988,3139528382363,NMN,CNPJ INVÁLIDO
67,175558679721904,MMNPP MRMJJSPP S.M.,CNPJ INVÁLIDO
83,208825021772210,NMN,CNPJ INVÁLIDO
109,1776560336429410,NMN,CNPJ INVÁLIDO
110,1776560336445917,NMN,CNPJ INVÁLIDO
154,2227510850135660,NMN,CNPJ INVÁLIDO
162,176124223822941,NMN,CNPJ INVÁLIDO
185,180100196232023,NMN,CNPJ INVÁLIDO
186,211431365381717,NMN,CNPJ INVÁLIDO
204,1205037521717,MMNPP VNTJR S.M.,CNPJ INVÁLIDO
228,231663151402771,NMN,CNPJ INVÁLIDO
229,184721803312907,NMN,CNPJ INVÁLIDO
281,226816765901700,NMN,CNPJ INVÁLIDO
15,1572067522788,PPPPJRMTVVM PJNTRML JJ JPPNPMVM J PRÉJVTP MÚTZP JMS ZNVPRJJ’S JJ SMNTM PMTMRVNM J JP PMRMNÁ LTJM,CNPJ INVÁLIDO
23,180137248921887,JJZTSPVJ MMNK SM MMNPP MLJMMP,CNPJ INVÁLIDO
114,17765603364132090,NMN,CNPJ INVÁLIDO
216,9605897603111,MMNPP MLJM S.M.,CNPJ INVÁLIDO
260,120667615003077,NMN,CNPJ INVÁLIDO
342,191499038271887,NMN,CNPJ INVÁLIDO
360,3329560331870,NMN,CNPJ INVÁLIDO
376,120424066031717,NMN,CNPJ INVÁLIDO
384,8314293022108,NMN,CNPJ INVÁLIDO
389,9883181542958,NMN,CNPJ INVÁLIDO
474,3012787432346,NMN,CNPJ INVÁLIDO
488,9596317251700,NMN,CNPJ INVÁLIDO
500,141812271101751,NMN,CNPJ INVÁLIDO
564,1482104711853,NMN,CNPJ INVÁLIDO
568,211217305972363,NMN,CNPJ INVÁLIDO
577,749177591938,NMN,CNPJ INVÁLIDO
585,8807416612040,NMN,CNPJ INVÁLIDO
666,267882709312108,NMN,CNPJ INVÁLIDO
668,144318088951887,NMN,CNPJ INVÁLIDO
702,180804214682839,NMN,CNPJ INVÁLIDO
785,4159019231717,NMN,CNPJ INVÁLIDO
821,234377528992907,NMN,CNPJ INVÁLIDO
829,8793105332125,NMN,CNPJ INVÁLIDO
837,258564152851717,NMN,CNPJ INVÁLIDO
908,253550595302057,NMN,CNPJ INVÁLIDO
911,229298579412601,NMN,CNPJ INVÁLIDO
989,3470907343230,NMN,CNPJ INVÁLIDO
1018,7257460482210,NMN,CNPJ INVÁLIDO
304,205613240502295,NMN,CNPJ INVÁLIDO
359,2321499433366,NMN,CNPJ INVÁLIDO
388,9863217422074,NMN,CNPJ INVÁLIDO
455,2018980013162,NMN,CNPJ INVÁLIDO
464,6515146642686,NMN,CNPJ INVÁLIDO
477,8076859293366,NMN,CNPJ INVÁLIDO
584,108072703112839,NMN,CNPJ INVÁLIDO
600,4525849823383,NMN,CNPJ INVÁLIDO
615,211636647862652,MJMVNVSTRMJPRM JJ PPNSPRPVP RPV MRMSVL LTJM,CNPJ INVÁLIDO
630,6673212305321,NMN,CNPJ INVÁLIDO
643,9313756172210,NMN,CNPJ INVÁLIDO
684,6950996212176,NMN,CNPJ INVÁLIDO
701,164840999122890,NMN,CNPJ INVÁLIDO
844,245575663422550,NMN,CNPJ INVÁLIDO
849,253696014322856,NMN,CNPJ INVÁLIDO
862,261537069842533,NMN,CNPJ INVÁLIDO
876,211297272271700,NMN,CNPJ INVÁLIDO
900,253710724422397,NMN,CNPJ INVÁLIDO
906,208451191602210,NMN,CNPJ INVÁLIDO
927,169401448021836,MMNPP JVMRM S.M.,CNPJ INVÁLIDO
936,8876305541870,NMN,CNPJ INVÁLIDO
950,5854397272397,NMN,CNPJ INVÁLIDO
1025,170851404371700,MMNPP LZSP MRMSVLJVRP S/M,CNPJ INVÁLIDO
22,181872098582788,PJPRJSP - PJNTRML JMS PPPPJRMTVVMS JJ PRJJVTP JP JSTMJP JJ SMP PMZLP,CNPJ INVÁLIDO
32,236179782121768,PRJJVPPMMP PRJJVTP RZRML PPPPJRMTVVM,CNPJ INVÁLIDO
211,266540104901734,PMNV S/M PRJJVTP JVNMNPVMMJNTP J VNVJSTVMJNTP,CNPJ INVÁLIDO
261,205892368262635,NMN,CNPJ INVÁLIDO
294,199372433162,NMN,CNPJ INVÁLIDO
347,120464528921700,NMN,CNPJ INVÁLIDO
385,8483037231700,NMN,CNPJ INVÁLIDO
446,192079246232771,NMN,CNPJ INVÁLIDO
456,4790689421768,NMN,CNPJ INVÁLIDO
475,6758744743060,NMN,CNPJ INVÁLIDO
511,7128335281955,NMN,CNPJ INVÁLIDO
542,120816458673060,NMN,CNPJ INVÁLIDO
581,8965314652261,NMN,CNPJ INVÁLIDO
597,199322216251836,NMN,CNPJ INVÁLIDO
616,199123340902346,MMNPP RJNJVMJNTP S/M,CNPJ INVÁLIDO
621,137154062172380,NMN,CNPJ INVÁLIDO
624,214189581383230,NMN,CNPJ INVÁLIDO
751,219197832295,NMN,CNPJ INVÁLIDO
775,155865991412210,NMN,CNPJ INVÁLIDO
781,193721777731921,NMN,CNPJ INVÁLIDO
783,8225153863043,NMN,CNPJ INVÁLIDO
824,238504639732380,NMN,CNPJ INVÁLIDO
848,253895765342414,NMN,CNPJ INVÁLIDO
901,260072547892992,NMN,CNPJ INVÁLIDO
913,236132120243128,NMN,CNPJ INVÁLIDO
914,216255229112465,NPVP MMNPP PPNTVNJNTML S.M.MMNPP MZLTVPLP,CNPJ INVÁLIDO
964,8922190073026,NMN,CNPJ INVÁLIDO
17,250779099752210,PPPPJRMTVVM PJNTRML JJ JPPNPMVM J PRÉJVTP MÚTZP JMS ZNVPRJJS JP JSTMJP JP RVP JJ JMNJVRP LTJM,CNPJ INVÁLIDO
21,159617347242040,VNTJSM SMNPMPLP MRMSVL S.M. - MMNPP MZLTVPLP,CNPJ INVÁLIDO
65,205270532742278,MMNPP MS2 S.M.,CNPJ INVÁLIDO
91,202410504932499,NMN,CNPJ INVÁLIDO
93,3326927542414,NMN,CNPJ INVÁLIDO
113,17765603364112506,NMN,CNPJ INVÁLIDO
182,1702704191802,NMN,CNPJ INVÁLIDO
245,3484577042873,NMN,CNPJ INVÁLIDO
252,234123772542006,NMN,CNPJ INVÁLIDO
276,227847805193230,NMN,CNPJ INVÁLIDO
283,233973353823281,NMN,CNPJ INVÁLIDO
287,2006784211904,NMN,CNPJ INVÁLIDO
290,4891174723162,NMN,CNPJ INVÁLIDO
298,2513395431768,NMN,CNPJ INVÁLIDO
301,4651007051700,NMN,CNPJ INVÁLIDO
302,205875461762652,NMN,CNPJ INVÁLIDO
313,198001841721819,NMN,CNPJ INVÁLIDO
316,206402644002329,NMN,CNPJ INVÁLIDO
338,188512544062057,NMN,CNPJ INVÁLIDO
344,205635799841700,NMN,CNPJ INVÁLIDO
346,3971426442499,NMN,CNPJ INVÁLIDO
366,193910067012822,NMN,CNPJ INVÁLIDO
427,205855676823196,NMN,CNPJ INVÁLIDO
431,2918634122193,NMN,CNPJ INVÁLIDO
480,8472520523196,NMN,CNPJ INVÁLIDO
533,6299254973162,NMN,CNPJ INVÁLIDO
618,1613937842907,MMNPP PJTJLJM S.M.,CNPJ INVÁLIDO
626,268089373213332,NMN,CNPJ INVÁLIDO
724,6684269442890,NMN,CNPJ INVÁLIDO
746,165480027252771,NMN,CNPJ INVÁLIDO
822,234685452712737,NMN,CNPJ INVÁLIDO
836,253688621701700,NMN,CNPJ INVÁLIDO
851,276269379491819,NMN,CNPJ INVÁLIDO
919,179866158252992,MMNPP JVJVS S.M,CNPJ INVÁLIDO
9,175426439101768,MMNPP VTMÚ S.M.,CNPJ INVÁLIDO
44,176360377282907,MMNPP VNJZSVML,CNPJ INVÁLIDO
45,2298772472465,MMNPP SJMJMR S.M.,CNPJ INVÁLIDO
51,8097600822312,MMNPP MPRPMN STMNLJY S.M.,CNPJ INVÁLIDO
58,122598932642125,NMN,CNPJ INVÁLIDO
104,177656033648568,NMN,CNPJ INVÁLIDO
116,17765603364151368,NMN,CNPJ INVÁLIDO
129,17765603364435030,NMN,CNPJ INVÁLIDO
180,261258566324756957,NMN,CNPJ INVÁLIDO
222,5890490482788,MMNPP PPPPJRMTVVP JP MRMSVL S/M,CNPJ INVÁLIDO
241,2356271912975,NMN,CNPJ INVÁLIDO
254,234136618592873,NMN,CNPJ INVÁLIDO
257,128515875291734,NMN,CNPJ INVÁLIDO
285,250938200032176,NMN,CNPJ INVÁLIDO
289,237364895982261,NMN,CNPJ INVÁLIDO
315,121181876052924,NMN,CNPJ INVÁLIDO
354,123924983133383,NMN,CNPJ INVÁLIDO
357,250170107392737,NMN,CNPJ INVÁLIDO
379,7168867532941,NMN,CNPJ INVÁLIDO
425,123977604251955,NMN,CNPJ INVÁLIDO
460,4818647282856,NMN,CNPJ INVÁLIDO
466,6748465011785,NMN,CNPJ INVÁLIDO
510,9998966502380,NMN,CNPJ INVÁLIDO
565,249664892043179,NMN,CNPJ INVÁLIDO
663,2866125711734,NMN,CNPJ INVÁLIDO
673,157802733582975,NMN,CNPJ INVÁLIDO
685,9904310331717,NMN,CNPJ INVÁLIDO
726,3724623332329,NMN,CNPJ INVÁLIDO
786,240811593793230,NMN,CNPJ INVÁLIDO
813,261859177683060,NMN,CNPJ INVÁLIDO
840,255852110381717,NMN,CNPJ INVÁLIDO
864,6489474772635,NMN,CNPJ INVÁLIDO
915,212252764071819,NMN,CNPJ INVÁLIDO
994,7413861502040,NMN,CNPJ INVÁLIDO
13,168084680212176,MMNPP SMJRM,CNPJ INVÁLIDO
29,9293633101870,MMNPP TPYPTM JP MRMSVL S.M.,CNPJ INVÁLIDO
30,1495994051768,MMNPP RVMJVRMP PRJTP S/M,CNPJ INVÁLIDO
60,5371856861870,NMN,CNPJ INVÁLIDO
76,171842729282278,NMN,CNPJ INVÁLIDO
94,9907896822329,NMN,CNPJ INVÁLIDO
115,17765603364134844,NMN,CNPJ INVÁLIDO
119,17765603364169762,NMN,CNPJ INVÁLIDO
126,17765603364313854,NMN,CNPJ INVÁLIDO
133,17765603364211157,NMN,CNPJ INVÁLIDO
152,222751085021641,NMN,CNPJ INVÁLIDO
242,212122086942414,NMN,CNPJ INVÁLIDO
243,250806017212380,NMN,CNPJ INVÁLIDO
250,227922725552380,NMN,CNPJ INVÁLIDO
270,212191868882822,NMN,CNPJ INVÁLIDO
278,227805030302193,NMN,CNPJ INVÁLIDO
293,206453285472244,NMN,CNPJ INVÁLIDO
295,191891653441717,NMN,CNPJ INVÁLIDO
370,157219716542482,NMN,CNPJ INVÁLIDO
424,3844552552159,NMN,CNPJ INVÁLIDO
582,7204770001768,NMN,CNPJ INVÁLIDO
587,6597029012584,NMN,CNPJ INVÁLIDO
594,211913437612006,NMN,CNPJ INVÁLIDO
602,6175982022805,NMN,CNPJ INVÁLIDO
617,167948916682091,JMMRMPPN MJMVNVSTRMJPRM JJ PPNSPRPVP LTJM,CNPJ INVÁLIDO
646,9313756178194,NMN,CNPJ INVÁLIDO
662,179853049213230,NMN,CNPJ INVÁLIDO
689,156610617252822,NMN,CNPJ INVÁLIDO
691,179362581533298,NMN,CNPJ INVÁLIDO
743,278622770072176,NMN,CNPJ INVÁLIDO
744,199803256751853,NMN,CNPJ INVÁLIDO
748,3414595692635,MMNPP PPPPJRMTVVP SVPRJJV S.M.,CNPJ INVÁLIDO
753,6080727621700,NMN,CNPJ INVÁLIDO
755,142201308453281,NMN,CNPJ INVÁLIDO
766,176829505202958,MMNPP MMP SM,CNPJ INVÁLIDO
810,175651876443332,PRJJVSM SM PRJJVTP JVNMNPVMMJNTP J VNVJSTVMJNTPS,CNPJ INVÁLIDO
835,8670410382499,NMN,CNPJ INVÁLIDO
850,257353742822669,NMN,CNPJ INVÁLIDO
859,252694915431785,NMN,CNPJ INVÁLIDO
861,255681259362890,NMN,CNPJ INVÁLIDO
865,229633281871921,NMN,CNPJ INVÁLIDO
871,251625817733060,NMN,CNPJ INVÁLIDO
887,267484383503060,NMN,CNPJ INVÁLIDO
993,7069197212380,NMN,CNPJ INVÁLIDO
2,179681761803060,SJRMSM JXPJRVMN,CNPJ INVÁLIDO
16,4723996892023,PJNTRML JJ PPPPJRMTVVMS JJ JPPNPMVM J PRÉJVTP MÚTZP JP JSTMJP JP RVP PRMNJJ JP SZL – ZNVPRJJ PJNTRML,CNPJ INVÁLIDO
26,172209640791751,MMNPP VPTPRMNTVM,CNPJ INVÁLIDO
34,218622404992907,MMNPP PRJJVT MPRVPPLJ MRMSVL S.M.,CNPJ INVÁLIDO
81,251181439771836,NMN,CNPJ INVÁLIDO
87,119010465881972,NMN,CNPJ INVÁLIDO
105,1776560336413056,NMN,CNPJ INVÁLIDO
118,17765603364165138,NMN,CNPJ INVÁLIDO
124,17765603364238697,NMN,CNPJ INVÁLIDO
125,17765603364250206,NMN,CNPJ INVÁLIDO
183,121826744872635,NMN,NOME DUPLICADO
197,161673281681802,NMN,NOME DUPLICADO
267,2799259782329,NMN,NOME DUPLICADO
322,205790368602397,NMN,NOME DUPLICADO
336,65744650462465,NMN,NOME DUPLICADO
343,3064287232380,NMN,NOME DUPLICADO
356,74225242752550,NMN,NOME DUPLICADO
380,7077144711904,NMN,NOME DUPLICADO
394,5825049323094,NMN,NOME DUPLICADO
395,6198758112397,NMN,NOME DUPLICADO
422,2008194532040,NMN,NOME DUPLICADO
458,206162288481972,NMN,NOME DUPLICADO
481,98040440922958,NMN,NOME DUPLICADO
491,200412413841870,NMN,NOME DUPLICADO
496,9748403502363,NMN,NOME DUPLICADO
505,11789133652703,NMN,NOME DUPLICADO
514,14906888771853,NMN,NOME DUPLICADO
517,15828639822941,NMN,NOME DUPLICADO
536,22647363622108,NMN,NOME DUPLICADO
538,22964564243281,NMN,NOME DUPLICADO
562,56341318743060,NMN,NOME DUPLICADO
566,31235226931734,NMN,NOME DUPLICADO
574,6350974411938,NMN,NOME DUPLICADO
595,128860377741819,NMN,NOME DUPLICADO
601,4811757523145,NMN,NOME DUPLICADO
610,81289946011700,NMN,NOME DUPLICADO
631,6673212306834,NMN,NOME DUPLICADO
653,11517733755236,NMN,NOME DUPLICADO
683,17281309883145,NMN,NOME DUPLICADO
709,172303846123366,NMN,NOME DUPLICADO
722,17564726403111,NMN,NOME DUPLICADO
730,2735283852210,NMN,NOME DUPLICADO
756,8134864483009,NMN,NOME DUPLICADO
773,5850637381717,NMN,NOME DUPLICADO
778,153703025822261,NMN,NOME DUPLICADO
790,179496645741751,NMN,NOME DUPLICADO
815,253729396713383,NMN,NOME DUPLICADO
816,254032736892363,NMN,NOME DUPLICADO
838,254606823832686,NMN,NOME DUPLICADO
855,76744629152261,NMN,NOME DUPLICADO
866,20433730552958,NMN,NOME DUPLICADO
872,10962469383026,NMN,NOME DUPLICADO
884,263451717963060,NMN,NOME DUPLICADO
886,252905272751802,NMN,NOME DUPLICADO
892,234248042541751,NMN,NOME DUPLICADO
907,95321346851989,NMN,NOME DUPLICADO
946,23980731593213,NMN,NOME DUPLICADO
948,21841065182601,NMN,NOME DUPLICADO
957,21697099832601,NMN,NOME DUPLICADO
967,15060162812754,NMN,NOME DUPLICADO
974,8557498082040,NMN,NOME DUPLICADO
980,21603836641700,NMN,NOME DUPLICADO
983,11460979932329,NMN,NOME DUPLICADO
985,8479840893247,NMN,NOME DUPLICADO
107,1776560336422202,NMN,NOME DUPLICADO
138,22275108501870,NMN,NOME DUPLICADO
141,17615610631904,NMN,NOME DUPLICADO
153,2227510850105944,NMN,NOME DUPLICADO
191,151923892692074,NMN,NOME DUPLICADO
231,2000498462992,NMN,NOME DUPLICADO
249,227899929232754,NMN,NOME DUPLICADO
277,227804316472074,NMN,NOME DUPLICADO
292,73272883712720,NMN,NOME DUPLICADO
299,62626840431700,NMN,NOME DUPLICADO
300,123943814372907,NMN,NOME DUPLICADO
353,65759007982125,NMN,NOME DUPLICADO
365,196405061812533,NMN,NOME DUPLICADO
367,2792450941904,NMN,NOME DUPLICADO
368,911523342771,NMN,NOME DUPLICADO
373,206140142413077,NMN,NOME DUPLICADO
386,8333020223179,NMN,NOME DUPLICADO
401,12488583012278,NMN,NOME DUPLICADO
408,13215854403179,NMN,NOME DUPLICADO
418,3070448711717,NMN,NOME DUPLICADO
445,4923461802550,NMN,NOME DUPLICADO
471,6577007092584,NMN,NOME DUPLICADO
473,6886161952091,NMN,NOME DUPLICADO
476,7728186571802,NMN,NOME DUPLICADO
483,166359173922533,NMN,NOME DUPLICADO
485,9613402931836,NMN,NOME DUPLICADO
498,11163775221751,NMN,NOME DUPLICADO
499,11359396432142,NMN,NOME DUPLICADO
501,11390015983281,NMN,NOME DUPLICADO
573,205944821763247,NMN,NOME DUPLICADO
590,42103615253315,NMN,NOME DUPLICADO
607,70606228693094,NMN,NOME DUPLICADO
608,11111180112788,NMN,NOME DUPLICADO
629,6673212303944,NMN,NOME DUPLICADO
644,9313756173570,NMN,NOME DUPLICADO
645,9313756175100,NMN,NOME DUPLICADO
659,61010579033995,NMN,NOME DUPLICADO
669,157226297072550,NMN,NOME DUPLICADO
670,21586161402550,NMN,NOME DUPLICADO
703,10440642312856,NMN,NOME DUPLICADO
719,207979754572074,NMN,NOME DUPLICADO
720,187160651191751,NMN,NOME DUPLICADO
725,166458566802550,NMN,NOME DUPLICADO
754,170896661772720,NMN,NOME DUPLICADO
757,470376401751,NMN,NOME DUPLICADO
779,154631418091802,NMN,NOME DUPLICADO
782,174033040053111,NMN,NOME DUPLICADO
818,253548592532703,NMN,NOME DUPLICADO
819,8217550272890,NMN,NOME DUPLICADO
842,234422780612006,NMN,NOME DUPLICADO
863,281744019203145,NMN,NOME DUPLICADO
873,75692215422108,NMN,NOME DUPLICADO
902,253685020762788,NMN,NOME DUPLICADO
937,16191074721819,NMN,NOME DUPLICADO
962,14373062422074,NMN,NOME DUPLICADO
1008,26717971972380,NMN,NOME DUPLICADO
1010,7075615901819,NMN,NOME DUPLICADO
75,20870649422431,NMN,NOME DUPLICADO
79,8448594212924,NMN,NOME DUPLICADO
88,12079798292210,NMN,NOME DUPLICADO
96,27001379822227,NMN,NOME DUPLICADO
111,1776560336455743,NMN,NOME DUPLICADO
131,17765603364468078,NMN,NOME DUPLICADO
150,2227510850113322,NMN,NOME DUPLICADO
167,180069680721955,NMN,NOME DUPLICADO
177,51452499372210,NMN,NOME DUPLICADO
184,147431104472533,NMN,NOME DUPLICADO
192,169074042811700,NMN,NOME DUPLICADO
223,14137446503196,NMN,NOME DUPLICADO
232,893079362159,NMN,NOME DUPLICADO
286,2045839671819,NMN,NOME DUPLICADO
320,123905362921734,NMN,NOME DUPLICADO
362,156169577242465,NMN,NOME DUPLICADO
381,7477851883383,NMN,NOME DUPLICADO
383,7635290413009,NMN,NOME DUPLICADO
387,8766725411955,NMN,NOME DUPLICADO
411,13132636853145,NMN,NOME DUPLICADO
421,21502516133366,NMN,NOME DUPLICADO
435,96439632352159,NMN,NOME DUPLICADO
447,6281261833366,NMN,NOME DUPLICADO
450,48121395783060,NMN,NOME DUPLICADO
472,6049215061853,NMN,NOME DUPLICADO
520,188741411833026,NMN,NOME DUPLICADO
521,16925967043060,NMN,NOME DUPLICADO
522,17018022212040,NMN,NOME DUPLICADO
586,35792514173060,NMN,NOME DUPLICADO
651,11517733752482,NMN,NOME DUPLICADO
672,23777983642108,NMN,NOME DUPLICADO
704,7405370682380,NMN,NOME DUPLICADO
713,141873333911802,NMN,NOME DUPLICADO
715,155615639382839,NMN,NOME DUPLICADO
717,10569394701972,NMN,NOME DUPLICADO
718,14927147672125,NMN,NOME DUPLICADO
721,130671196832261,NMN,NOME DUPLICADO
738,166306310043111,NMN,NOME DUPLICADO
767,171393082852040,NMN,NOME DUPLICADO
772,159872979303196,NMN,NOME DUPLICADO
780,134796229662652,NMN,NOME DUPLICADO
788,3002741792516,NMN,NOME DUPLICADO
793,54465991962584,NMN,NOME DUPLICADO
796,175857161812499,NMN,NOME DUPLICADO
797,70040476512244,NMN,NOME DUPLICADO
825,14121456132176,NMN,NOME DUPLICADO
830,34145956917782,NMN,NOME DUPLICADO
831,34145956915334,NMN,NOME DUPLICADO
843,237168673651751,NMN,NOME DUPLICADO
846,76319660432550,NMN,NOME DUPLICADO
857,22567741232040,NMN,NOME DUPLICADO
858,8976955573230,NMN,NOME DUPLICADO
870,253683116253077,NMN,NOME DUPLICADO
879,97502294022380,NMN,NOME DUPLICADO
896,10837598263247,NMN,NOME DUPLICADO
912,228042984232499,NMN,NOME DUPLICADO
938,7995682082346,NMN,NOME DUPLICADO
945,13437777502380,NMN,NOME DUPLICADO
952,8412752431819,NMN,NOME DUPLICADO
955,4051118192601,NMN,NOME DUPLICADO
966,17293745552907,NMN,NOME DUPLICADO
1005,12572150252193,NMN,NOME DUPLICADO
56,8705344702873,NMN,NOME DUPLICADO
59,3323364173213,NMN,NOME DUPLICADO
71,174897661582074,NMN,NOME DUPLICADO
73,91169315642652,NMN,NOME DUPLICADO
95,9042731971819,NMN,NOME DUPLICADO
101,6673212302567,NMN,NOME DUPLICADO
128,17765603364376397,NMN,NOME DUPLICADO
132,9603154993230,NMN,NOME DUPLICADO
146,206264172542975,NMN,NOME DUPLICADO
148,31729304222669,NMN,NOME DUPLICADO
158,51453675603383,NMN,NOME DUPLICADO
169,47998963822380,NMN,NOME DUPLICADO
176,49529519382533,NMN,NOME DUPLICADO
178,51452574513213,NMN,NOME DUPLICADO
190,137301356803094,NMN,NOME DUPLICADO
220,95412066843332,NMN,NOME DUPLICADO
226,74225124262788,NMN,NOME DUPLICADO
230,10121158592805,NMN,NOME DUPLICADO
255,250828408931887,NMN,NOME DUPLICADO
256,235844362942975,NMN,NOME DUPLICADO
269,107667091611751,NMN,NOME DUPLICADO
271,108753757622431,NMN,NOME DUPLICADO
324,185646461702210,NMN,NOME DUPLICADO
352,249916215112448,NMN,NOME DUPLICADO
392,77915347922431,NMN,NOME DUPLICADO
400,12064940802108,NMN,NOME DUPLICADO
404,12734412192193,NMN,NOME DUPLICADO
414,18278880083247,NMN,NOME DUPLICADO
426,62994228791717,NMN,NOME DUPLICADO
428,5018531242737,NMN,NOME DUPLICADO
432,57422386821734,NMN,NOME DUPLICADO
444,6407326522584,NMN,NOME DUPLICADO
487,9448970602771,NMN,NOME DUPLICADO
529,20510514961700,NMN,NOME DUPLICADO
545,26107387221972,NMN,NOME DUPLICADO
547,27677093613094,NMN,NOME DUPLICADO
551,26023860442125,NMN,NOME DUPLICADO
554,27238215323230,NMN,NOME DUPLICADO
557,27684029613026,NMN,NOME DUPLICADO
559,29823025542584,NMN,NOME DUPLICADO
560,29406755722941,NMN,NOME DUPLICADO
575,6504757091802,NMN,NOME DUPLICADO
583,12264524202567,NMN,NOME DUPLICADO
599,6504794663009,NMN,NOME DUPLICADO
605,9980022552380,NMN,NOME DUPLICADO
634,66732123012699,NMN,NOME DUPLICADO
640,66732123023715,NMN,NOME DUPLICADO
654,14408571852584,NMN,NOME DUPLICADO
664,8015536382074,NMN,NOME DUPLICADO
716,133109732593383,NMN,NOME DUPLICADO
723,152983427382091,NMN,NOME DUPLICADO
735,151942345342431,NMN,NOME DUPLICADO
750,214046410781904,NMN,NOME DUPLICADO
771,138558960532312,NMN,NOME DUPLICADO
826,14028025323264,NMN,NOME DUPLICADO
856,108209128452414,NMN,NOME DUPLICADO
867,8857982943179,NMN,NOME DUPLICADO
877,12899809782312,NMN,NOME DUPLICADO
882,34145956913957,NMN,NOME DUPLICADO
894,203547410701768,NMN,NOME DUPLICADO
897,275777934991870,NMN,NOME DUPLICADO
944,15120321052346,NMN,NOME DUPLICADO
949,182733627812176,NMN,NOME DUPLICADO
975,14841716383315,NMN,NOME DUPLICADO
1004,2807048332244,NMN,NOME DUPLICADO
1006,12977634592720,NMN,NOME DUPLICADO
1012,17706394201785,NMN,NOME DUPLICADO
1017,30403470482108,NMN,NOME DUPLICADO
90,202379151321836,NMN,NOME DUPLICADO
121,17765603364215781,NMN,NOME DUPLICADO
156,53752173523111,NMN,NOME DUPLICADO
157,51453510871785,NMN,NOME DUPLICADO
159,177656033642924,NMN,NOME DUPLICADO
172,49529311302210,NMN,NOME DUPLICADO
188,12094011311717,NMN,NOME DUPLICADO
196,178556563423247,NMN,NOME DUPLICADO
198,98357621312771,NMN,NOME DUPLICADO
219,134589612002533,NMN,NOME DUPLICADO
233,202637005793145,NMN,NOME DUPLICADO
236,93852414761734,NMN,NOME DUPLICADO
238,93723373371870,NMN,NOME DUPLICADO
264,185757807622465,NMN,NOME DUPLICADO
274,4972210323298,NMN,NOME DUPLICADO
332,186349607373060,NMN,NOME DUPLICADO
355,54813875712006,NMN,NOME DUPLICADO
393,10536223281802,NMN,NOME DUPLICADO
419,23249628063077,NMN,NOME DUPLICADO
467,3433207291870,NMN,NOME DUPLICADO
479,2752479352805,NMN,NOME DUPLICADO
482,5387396392550,NMN,NOME DUPLICADO
486,9621255061870,NMN,NOME DUPLICADO
528,136044793473281,NMN,NOME DUPLICADO
539,23326386461921,NMN,NOME DUPLICADO
541,25264923322635,NMN,NOME DUPLICADO
544,25559373861972,NMN,NOME DUPLICADO
552,153854375122363,NMN,NOME DUPLICADO
571,207209167862550,NMN,NOME DUPLICADO
579,34412732801819,NMN,NOME DUPLICADO
632,6673212309945,NMN,NOME DUPLICADO
688,181478292732278,NMN,NOME DUPLICADO
706,13847854052380,NMN,NOME DUPLICADO
733,9827881392839,NMN,NOME DUPLICADO
770,130181989191819,NMN,NOME DUPLICADO
794,22737748373009,NMN,NOME DUPLICADO
868,97298222453128,NMN,NOME DUPLICADO
869,10307632951870,NMN,NOME DUPLICADO
890,219813391331989,NMN,NOME DUPLICADO
929,3717583291853,NMN,NOME DUPLICADO
930,22087700673383,NMN,NOME DUPLICADO
947,37741180482839,NMN,NOME DUPLICADO
1007,13260065621717,NMN,NOME DUPLICADO
1013,9220631702346,NMN,NOME DUPLICADO
1019,25435291712482,NMN,NOME DUPLICADO
1024,21796989791751,NMN,NOME DUPLICADO
84,12246123572465,NMN,NOME DUPLICADO
99,16026177101819,NMN,NOME DUPLICADO
108,1776560336428203,NMN,NOME DUPLICADO
112,1776560336485850,NMN,NOME DUPLICADO
123,17765603364236436,NMN,NOME DUPLICADO
149,261258566323095190,NMN,NOME DUPLICADO
163,261258566323585283,NMN,NOME DUPLICADO
164,27612447201819,NMN,NOME DUPLICADO
194,131326770212618,NMN,NOME DUPLICADO
234,306860203230,NMN,NOME DUPLICADO
253,234130633402805,NMN,NOME DUPLICADO
279,246491238541717,NMN,NOME DUPLICADO
305,2323692942771,NMN,NOME DUPLICADO
309,205878490482040,NMN,NOME DUPLICADO
311,205391106432261,NMN,NOME DUPLICADO
363,193017730382941,NMN,NOME DUPLICADO
369,155872233812057,NMN,NOME DUPLICADO
372,155837805242873,NMN,NOME DUPLICADO
407,15038418451717,NMN,NOME DUPLICADO
415,20542541941734,NMN,NOME DUPLICADO
436,82573834291751,NMN,NOME DUPLICADO
513,15148278911717,NMN,NOME DUPLICADO
525,19971220731870,NMN,NOME DUPLICADO
526,148804129022023,NMN,NOME DUPLICADO
561,29657977641700,NMN,NOME DUPLICADO
567,12942087592822,NMN,NOME DUPLICADO
606,68272308043315,NMN,NOME DUPLICADO
639,66732123020468,NMN,NOME DUPLICADO
642,66732123027846,NMN,NOME DUPLICADO
678,48493451492584,NMN,NOME DUPLICADO
692,13083998151921,NMN,NOME DUPLICADO
693,189470301621717,NMN,NOME DUPLICADO
707,194616897432499,NMN,NOME DUPLICADO
711,167610977422482,NMN,NOME DUPLICADO
712,50318677233196,NMN,NOME DUPLICADO
714,4422093042992,NMN,NOME DUPLICADO
747,210831678821700,NMN,NOME DUPLICADO
752,250863383711700,NMN,NOME DUPLICADO
776,125868311613128,NMN,NOME DUPLICADO
812,95430874962176,NMN,NOME DUPLICADO
814,254032187791887,NMN,NOME DUPLICADO
839,254430571401785,NMN,NOME DUPLICADO
874,8453183532040,NMN,NOME DUPLICADO
883,275166179792023,NMN,NOME DUPLICADO
899,253684974522907,NMN,NOME DUPLICADO
940,20960054461700,NMN,NOME DUPLICADO
965,3340264893383,NMN,NOME DUPLICADO
990,27386125522414,NMN,NOME DUPLICADO
991,30380174192601,NMN,NOME DUPLICADO
1009,20853176481887,NMN,NOME DUPLICADO
1011,21005962112737,NMN,NOME DUPLICADO
61,1107682091853,NMN,NOME DUPLICADO
74,9219582632550,NMN,NOME DUPLICADO
98,240781529123060,NMN,NOME DUPLICADO
102,17499658051700,NMN,NOME DUPLICADO
120,17765603364170918,NMN,NOME DUPLICADO
127,17765603364330378,NMN,NOME DUPLICADO
181,51451730632482,NMN,NOME DUPLICADO
244,213938024222210,NMN,NOME DUPLICADO
247,74002024932397,NMN,NOME DUPLICADO
284,234934683423077,NMN,NOME DUPLICADO
291,73465811442312,NMN,NOME DUPLICADO
296,75350183921904,NMN,NOME DUPLICADO
317,205216694933077,NMN,NOME DUPLICADO
330,74060556102839,NMN,NOME DUPLICADO
334,63194745661938,NMN,NOME DUPLICADO
339,206465663342686,NMN,NOME DUPLICADO
340,124081554661700,NMN,NOME DUPLICADO
341,121181228692720,NMN,NOME DUPLICADO
348,4638444221768,NMN,NOME DUPLICADO
349,191902378231853,NMN,NOME DUPLICADO
378,7072176802839,NMN,NOME DUPLICADO
382,7306356392414,NMN,NOME DUPLICADO
430,206050928111734,NMN,NOME DUPLICADO
438,4508151462550,NMN,NOME DUPLICADO
452,5026793752210,NMN,NOME DUPLICADO
465,6451586872703,NMN,NOME DUPLICADO
469,242286369461717,NMN,NOME DUPLICADO
470,243212198302363,NMN,NOME DUPLICADO
478,120776004452839,NMN,NOME DUPLICADO
493,2647095502482,NMN,NOME DUPLICADO
503,11598067082550,NMN,NOME DUPLICADO
504,11908629373298,NMN,NOME DUPLICADO
549,29505798912788,NMN,NOME DUPLICADO
556,27533229412414,NMN,NOME DUPLICADO
580,10464031081938,NMN,NOME DUPLICADO
628,8721086532040,NMN,NOME DUPLICADO
650,10440887968143,NMN,NOME DUPLICADO
655,15719938251955,NMN,NOME DUPLICADO
729,211193680222346,NMN,NOME DUPLICADO
777,124796783422210,NMN,NOME DUPLICADO
795,936076782873,NMN,NOME DUPLICADO
800,87198498992023,NMN,NOME DUPLICADO
834,57691532523315,NMN,NOME DUPLICADO
841,228460632583077,NMN,NOME DUPLICADO
853,95435574102363,NMN,NOME DUPLICADO
860,257574515703213,NMN,NOME DUPLICADO
875,20825548082363,NMN,NOME DUPLICADO
889,225376274303009,NMN,NOME DUPLICADO
933,33101262361819,NMN,NOME DUPLICADO
953,19912680893366,NMN,NOME DUPLICADO
973,7797222893179,NMN,NOME DUPLICADO
979,25448074181938,NMN,NOME DUPLICADO
998,13359478732397,NMN,NOME DUPLICADO
1000,24531409532431,NMN,NOME DUPLICADO
1020,13327165641870,NMN,NOME DUPLICADO
1022,21860491762737,NMN,NOME DUPLICADO
53,49686183392890,NMN,NOME DUPLICADO
57,6377007533060,NMN,NOME DUPLICADO
62,97279029961700,NMN,NOME DUPLICADO
63,214202121092448,NMN,NOME DUPLICADO
77,38307840122040,NMN,NOME DUPLICADO
80,11960134952193,NMN,NOME DUPLICADO
85,119227600252992,NMN,NOME DUPLICADO
86,202998391622890,NMN,NOME DUPLICADO
92,23241235502992,NMN,NOME DUPLICADO
106,1776560336414433,NMN,NOME DUPLICADO
117,17765603364159630,NMN,NOME DUPLICADO
122,17765603364227817,NMN,NOME DUPLICADO
136,24275482692618,NMN,NOME DUPLICADO
151,2227510850174488,NMN,NOME DUPLICADO
160,95561919121955,NMN,NOME DUPLICADO
187,136388200611802,NMN,NOME DUPLICADO
217,175626271042805,NMN,NOME DUPLICADO
246,5946417762839,NMN,NOME DUPLICADO
266,71657691612482,NMN,NOME DUPLICADO
282,235153173202210,NMN,NOME DUPLICADO
288,4016091393196,NMN,NOME DUPLICADO
303,1242382102567,NMN,NOME DUPLICADO
318,69501349901734,NMN,NOME DUPLICADO
323,206653822571989,NMN,NOME DUPLICADO
333,206323015833332,NMN,NOME DUPLICADO
351,65674411901785,NMN,NOME DUPLICADO
361,173023028402040,NMN,NOME DUPLICADO
403,12683308323060,NMN,NOME DUPLICADO
437,5782586553230,NMN,NOME DUPLICADO
451,4751922962380,NMN,NOME DUPLICADO
459,3745555603315,NMN,NOME DUPLICADO
489,181126328302941,NMN,NOME DUPLICADO
492,10414643872720,NMN,NOME DUPLICADO
506,6239550463196,NMN,NOME DUPLICADO
532,21151545862210,NMN,NOME DUPLICADO
563,12193531352703,NMN,NOME DUPLICADO
569,8829727412771,NMN,NOME DUPLICADO
588,39064274503264,NMN,NOME DUPLICADO
636,66732123015453,NMN,NOME DUPLICADO
637,66732123017714,NMN,NOME DUPLICADO
652,11517733753859,NMN,NOME DUPLICADO
676,23337767282006,NMN,NOME DUPLICADO
696,175922920873196,NMN,NOME DUPLICADO
708,4349311281785,NMN,NOME DUPLICADO
710,139127273252788,NMN,NOME DUPLICADO
727,125047294402380,NMN,NOME DUPLICADO
731,150050250782907,NMN,NOME DUPLICADO
734,150912473612210,NMN,NOME DUPLICADO
740,10650618153213,NMN,NOME DUPLICADO
768,197430121692754,NMN,NOME DUPLICADO
789,3150178033145,NMN,NOME DUPLICADO
802,146953349901785,NMN,NOME DUPLICADO
811,17568096143162,NMN,NOME DUPLICADO
827,76319585291734,NMN,NOME DUPLICADO
854,76670023802601,NMN,NOME DUPLICADO
888,231866936862516,NMN,NOME DUPLICADO
891,228561421331734,NMN,NOME DUPLICADO
898,9285058473043,NMN,NOME DUPLICADO
903,226616653632720,NMN,NOME DUPLICADO
905,166601717173128,NMN,NOME DUPLICADO
909,262207876412074,NMN,NOME DUPLICADO
910,29906243091751,NMN,NOME DUPLICADO
981,8861297772907,NMN,NOME DUPLICADO
996,12314726392618,NMN,NOME DUPLICADO
1001,5341650582686,NMN,NOME DUPLICADO
54,2242641717,NMN,NOME DUPLICADO
68,171776759251717,NMN,NOME DUPLICADO
103,10123557293264,NMN,NOME DUPLICADO
130,17765603364439161,NMN,NOME DUPLICADO
134,13081608123213,NMN,NOME DUPLICADO
161,31405017323009,NMN,NOME DUPLICADO
179,49529447132805,NMN,NOME DUPLICADO
189,97884771073128,NMN,NOME DUPLICADO
193,263302198032686,NMN,NOME DUPLICADO
195,258021974402822,NMN,NOME DUPLICADO
263,120504627672210,NMN,NOME DUPLICADO
272,281372723562261,NMN,NOME DUPLICADO
273,4627878382040,NMN,NOME DUPLICADO
275,6040464142040,NMN,NOME DUPLICADO
297,191488827903060,NMN,NOME DUPLICADO
345,120533975621700,NMN,NOME DUPLICADO
371,4733672612720,NMN,NOME DUPLICADO
390,9707261461989,NMN,NOME DUPLICADO
398,10781168122261,NMN,NOME DUPLICADO
402,12477043242754,NMN,NOME DUPLICADO
410,15091851662839,NMN,NOME DUPLICADO
420,250230791613043,NMN,NOME DUPLICADO
453,4819843743349,NMN,NOME DUPLICADO
461,5869991712176,NMN,NOME DUPLICADO
463,5990363102482,NMN,NOME DUPLICADO
484,211238270032482,NMN,NOME DUPLICADO
509,192345871852890,NMN,NOME DUPLICADO
572,3640007021819,NMN,NOME DUPLICADO
589,40594419681717,NMN,NOME DUPLICADO
638,66732123019091,NMN,NOME DUPLICADO
675,238828013392346,NMN,NOME DUPLICADO
682,29531389862856,NMN,NOME DUPLICADO
690,5773098682771,NMN,NOME DUPLICADO
694,106641739841700,NMN,NOME DUPLICADO
699,13884580171751,NMN,NOME DUPLICADO
700,125559908152380,NMN,NOME DUPLICADO
732,2824142682091,NMN,NOME DUPLICADO
739,139219565402363,NMN,NOME DUPLICADO
741,6114864302227,NMN,NOME DUPLICADO
787,240873679662550,NMN,NOME DUPLICADO
791,22804643202856,NMN,NOME DUPLICADO
792,22804701001853,NMN,NOME DUPLICADO
817,256905243722941,NMN,NOME DUPLICADO
833,268182069961853,NMN,NOME DUPLICADO
845,76727508791802,NMN,NOME DUPLICADO
893,234645186342312,NMN,NOME DUPLICADO
931,14851033742550,NMN,NOME DUPLICADO
935,9676196852499,NMN,NOME DUPLICADO
939,15086502272703,NMN,NOME DUPLICADO
1003,2807057002006,NMN,NOME DUPLICADO
1021,11333259272210,NMN,NOME DUPLICADO
1023,50122743902788,NMN,NOME DUPLICADO
55,19888685222210,NMN,NOME DUPLICADO
89,102800909612227,NMN,NOME DUPLICADO
97,23534212143060,NMN,NOME DUPLICADO
100,16177563971870,NMN,NOME DUPLICADO
135,2455248632329,NMN,NOME DUPLICADO
139,10123577521768,NMN,NOME DUPLICADO
208,197644211819,NMN,NOME DUPLICADO
248,227833077751734,NMN,NOME DUPLICADO
251,233973278682465,NMN,NOME DUPLICADO
258,71669205371717,NMN,NOME DUPLICADO
262,111519822863230,NMN,NOME DUPLICADO
268,71761240312839,NMN,NOME DUPLICADO
280,227911419871955,NMN,NOME DUPLICADO
306,188541871783383,NMN,NOME DUPLICADO
307,69214118582210,NMN,NOME DUPLICADO
310,73778096171751,NMN,NOME DUPLICADO
321,76179663052295,NMN,NOME DUPLICADO
325,75655960372567,NMN,NOME DUPLICADO
327,205637591642210,NMN,NOME DUPLICADO
337,73370369193196,NMN,NOME DUPLICADO
364,142735097231955,NMN,NOME DUPLICADO
374,154972727092329,NMN,NOME DUPLICADO
377,6595456852193,NMN,NOME DUPLICADO
396,10197081782567,NMN,NOME DUPLICADO
406,13732450572516,NMN,NOME DUPLICADO
423,107150232452720,NMN,NOME DUPLICADO
433,187096059692244,NMN,NOME DUPLICADO
434,107160390801734,NMN,NOME DUPLICADO
439,206283651142057,NMN,NOME DUPLICADO
443,5087099382482,NMN,NOME DUPLICADO
448,4911994282193,NMN,NOME DUPLICADO
454,50038907892465,NMN,NOME DUPLICADO
462,6976587163281,NMN,NOME DUPLICADO
468,7532221453009,NMN,NOME DUPLICADO
494,167684143552550,NMN,NOME DUPLICADO
497,10786517512397,NMN,NOME DUPLICADO
523,13089023862890,NMN,NOME DUPLICADO
535,196276858523264,NMN,NOME DUPLICADO
576,33423165013264,NMN,NOME DUPLICADO
603,4649099651972,NMN,NOME DUPLICADO
604,64999750073111,NMN,NOME DUPLICADO
625,21532245563213,NMN,NOME DUPLICADO
627,201493429902465,NMN,NOME DUPLICADO
641,66732123026469,NMN,NOME DUPLICADO
649,10440887966766,NMN,NOME DUPLICADO
660,61010579035372,NMN,NOME DUPLICADO
661,61010579036885,NMN,NOME DUPLICADO
677,25578271572040,NMN,NOME DUPLICADO
679,27491237711734,NMN,NOME DUPLICADO
728,129931455092550,NMN,NOME DUPLICADO
737,2548485812380,NMN,NOME DUPLICADO
742,7345533232210,NMN,NOME DUPLICADO
745,3201423512210,NMN,NOME DUPLICADO
774,2113514801887,NMN,NOME DUPLICADO
799,22153662031700,NMN,NOME DUPLICADO
823,235437566541785,NMN,NOME DUPLICADO
832,264686377981853,NMN,NOME DUPLICADO
904,228493728862873,NMN,NOME DUPLICADO
959,15393998272431,NMN,NOME DUPLICADO
972,20832960931989,NMN,NOME DUPLICADO
978,27261384453094,NMN,NOME DUPLICADO
988,3139528382363,NMN,NOME DUPLICADO
83,208825021772210,NMN,NOME DUPLICADO
109,1776560336429410,NMN,NOME DUPLICADO
110,1776560336445917,NMN,NOME DUPLICADO
143,24674242002686,NMN,NOME DUPLICADO
154,2227510850135660,NMN,NOME DUPLICADO
162,176124223822941,NMN,NOME DUPLICADO
165,37793925872958,NMN,NOME DUPLICADO
185,180100196232023,NMN,NOME DUPLICADO
186,211431365381717,NMN,NOME DUPLICADO
224,93717769662431,NMN,NOME DUPLICADO
228,231663151402771,NMN,NOME DUPLICADO
229,184721803312907,NMN,NOME DUPLICADO
265,73370322953315,NMN,NOME DUPLICADO
281,226816765901700,NMN,NOME DUPLICADO
78,26233480812125,NMN,NOME DUPLICADO
114,17765603364132090,NMN,NOME DUPLICADO
145,24697544072652,NMN,NOME DUPLICADO
168,45489689532618,NMN,NOME DUPLICADO
171,37722415713383,NMN,NOME DUPLICADO
212,96104981911700,NMN,NOME DUPLICADO
260,120667615003077,NMN,NOME DUPLICADO
312,62600873782618,NMN,NOME DUPLICADO
331,73801247962159,NMN,NOME DUPLICADO
342,191499038271887,NMN,NOME DUPLICADO
360,3329560331870,NMN,NOME DUPLICADO
376,120424066031717,NMN,NOME DUPLICADO
384,8314293022108,NMN,NOME DUPLICADO
389,9883181542958,NMN,NOME DUPLICADO
397,10106743272533,NMN,NOME DUPLICADO
399,12274899303213,NMN,NOME DUPLICADO
412,10499000082720,NMN,NOME DUPLICADO
413,16940983482414,NMN,NOME DUPLICADO
441,50583326092397,NMN,NOME DUPLICADO
474,3012787432346,NMN,NOME DUPLICADO
488,9596317251700,NMN,NOME DUPLICADO
500,141812271101751,NMN,NOME DUPLICADO
531,20791564573009,NMN,NOME DUPLICADO
553,27174745142635,NMN,NOME DUPLICADO
555,13969262951700,NMN,NOME DUPLICADO
564,1482104711853,NMN,NOME DUPLICADO
568,211217305972363,NMN,NOME DUPLICADO
577,749177591938,NMN,NOME DUPLICADO
585,8807416612040,NMN,NOME DUPLICADO
666,267882709312108,NMN,NOME DUPLICADO
668,144318088951887,NMN,NOME DUPLICADO
702,180804214682839,NMN,NOME DUPLICADO
785,4159019231717,NMN,NOME DUPLICADO
821,234377528992907,NMN,NOME DUPLICADO
829,8793105332125,NMN,NOME DUPLICADO
837,258564152851717,NMN,NOME DUPLICADO
852,12960176101836,NMN,NOME DUPLICADO
908,253550595302057,NMN,NOME DUPLICADO
911,229298579412601,NMN,NOME DUPLICADO
958,24239175621734,NMN,NOME DUPLICADO
960,32481392041700,NMN,NOME DUPLICADO
989,3470907343230,NMN,NOME DUPLICADO
1002,21711934201802,NMN,NOME DUPLICADO
1014,21716043781853,NMN,NOME DUPLICADO
1018,7257460482210,NMN,NOME DUPLICADO
304,205613240502295,NMN,NOME DUPLICADO
359,2321499433366,NMN,NOME DUPLICADO
388,9863217422074,NMN,NOME DUPLICADO
405,13628329651751,NMN,NOME DUPLICADO
417,21961705342193,NMN,NOME DUPLICADO
442,73300847351751,NMN,NOME DUPLICADO
449,50174839042295,NMN,NOME DUPLICADO
455,2018980013162,NMN,NOME DUPLICADO
464,6515146642686,NMN,NOME DUPLICADO
477,8076859293366,NMN,NOME DUPLICADO
516,15585220902618,NMN,NOME DUPLICADO
540,25418373651802,NMN,NOME DUPLICADO
546,27605600793145,NMN,NOME DUPLICADO
584,108072703112839,NMN,NOME DUPLICADO
591,43101225913060,NMN,NOME DUPLICADO
600,4525849823383,NMN,NOME DUPLICADO
630,6673212305321,NMN,NOME DUPLICADO
633,66732123011322,NMN,NOME DUPLICADO
643,9313756172210,NMN,NOME DUPLICADO
647,10440887962142,NMN,NOME DUPLICADO
674,12445354393162,NMN,NOME DUPLICADO
684,6950996212176,NMN,NOME DUPLICADO
687,29799420021870,NMN,NOME DUPLICADO
701,164840999122890,NMN,NOME DUPLICADO
844,245575663422550,NMN,NOME DUPLICADO
849,253696014322856,NMN,NOME DUPLICADO
862,261537069842533,NMN,NOME DUPLICADO
876,211297272271700,NMN,NOME DUPLICADO
881,34145956912580,NMN,NOME DUPLICADO
895,10583315831853,NMN,NOME DUPLICADO
900,253710724422397,NMN,NOME DUPLICADO
906,208451191602210,NMN,NOME DUPLICADO
936,8876305541870,NMN,NOME DUPLICADO
950,5854397272397,NMN,NOME DUPLICADO
961,20277693671734,NMN,NOME DUPLICADO
971,24846722981870,NMN,NOME DUPLICADO
987,96383291801700,NMN,NOME DUPLICADO
69,20831108442550,NMN,NOME DUPLICADO
82,11982902373128,NMN,NOME DUPLICADO
140,15061301471853,NMN,NOME DUPLICADO
144,23336218242907,NMN,NOME DUPLICADO
147,30172992982618,NMN,NOME DUPLICADO
155,53753861282363,NMN,NOME DUPLICADO
173,49529848843383,NMN,NOME DUPLICADO
175,47997640202193,NMN,NOME DUPLICADO
227,96572552122023,NMN,NOME DUPLICADO
235,14555577481700,NMN,NOME DUPLICADO
261,205892368262635,NMN,NOME DUPLICADO
294,199372433162,NMN,NOME DUPLICADO
308,74398168792907,NMN,NOME DUPLICADO
314,65478120212992,NMN,NOME DUPLICADO
347,120464528921700,NMN,NOME DUPLICADO
375,56209349782703,NMN,NOME DUPLICADO
385,8483037231700,NMN,NOME DUPLICADO
409,15790769263111,NMN,NOME DUPLICADO
416,21680869593230,NMN,NOME DUPLICADO
440,56072155703213,NMN,NOME DUPLICADO
446,192079246232771,NMN,NOME DUPLICADO
456,4790689421768,NMN,NOME DUPLICADO
475,6758744743060,NMN,NOME DUPLICADO
490,10170603603315,NMN,NOME DUPLICADO
502,12084656382873,NMN,NOME DUPLICADO
507,13436583933145,NMN,NOME DUPLICADO
511,7128335281955,NMN,NOME DUPLICADO
515,15164731682006,NMN,NOME DUPLICADO
527,20307807472737,NMN,NOME DUPLICADO
542,120816458673060,NMN,NOME DUPLICADO
578,16127890653060,NMN,NOME DUPLICADO
581,8965314652261,NMN,NOME DUPLICADO
592,47870653602703,NMN,NOME DUPLICADO
596,12757483062261,NMN,NOME DUPLICADO
597,199322216251836,NMN,NOME DUPLICADO
621,137154062172380,NMN,NOME DUPLICADO
624,214189581383230,NMN,NOME DUPLICADO
657,16177563976494,NMN,NOME DUPLICADO
658,61010579032618,NMN,NOME DUPLICADO
736,11999589231802,NMN,NOME DUPLICADO
751,219197832295,NMN,NOME DUPLICADO
769,20317119053128,NMN,NOME DUPLICADO
775,155865991412210,NMN,NOME DUPLICADO
781,193721777731921,NMN,NOME DUPLICADO
783,8225153863043,NMN,NOME DUPLICADO
798,12848700132550,NMN,NOME DUPLICADO
824,238504639732380,NMN,NOME DUPLICADO
828,71252606092074,NMN,NOME DUPLICADO
848,253895765342414,NMN,NOME DUPLICADO
885,13080131332618,NMN,NOME DUPLICADO
901,260072547892992,NMN,NOME DUPLICADO
913,236132120243128,NMN,NOME DUPLICADO
954,67211571112108,NMN,NOME DUPLICADO
964,8922190073026,NMN,NOME DUPLICADO
992,24739868122652,NMN,NOME DUPLICADO
999,21575407712805,NMN,NOME DUPLICADO
1015,15106931682720,NMN,NOME DUPLICADO
91,202410504932499,NMN,NOME DUPLICADO
93,3326927542414,NMN,NOME DUPLICADO
113,17765603364112506,NMN,NOME DUPLICADO
166,42033521192975,NMN,NOME DUPLICADO
174,49530265003349,NMN,NOME DUPLICADO
182,1702704191802,NMN,NOME DUPLICADO
237,93829878542601,NMN,NOME DUPLICADO
240,91946196773383,NMN,NOME DUPLICADO
245,3484577042873,NMN,NOME DUPLICADO
252,234123772542006,NMN,NOME DUPLICADO
276,227847805193230,NMN,NOME DUPLICADO
283,233973353823281,NMN,NOME DUPLICADO
287,2006784211904,NMN,NOME DUPLICADO
290,4891174723162,NMN,NOME DUPLICADO
298,2513395431768,NMN,NOME DUPLICADO
301,4651007051700,NMN,NOME DUPLICADO
302,205875461762652,NMN,NOME DUPLICADO
313,198001841721819,NMN,NOME DUPLICADO
316,206402644002329,NMN,NOME DUPLICADO
338,188512544062057,NMN,NOME DUPLICADO
344,205635799841700,NMN,NOME DUPLICADO
346,3971426442499,NMN,NOME DUPLICADO
350,65778824712720,NMN,NOME DUPLICADO
358,74557942442516,NMN,NOME DUPLICADO
366,193910067012822,NMN,NOME DUPLICADO
427,205855676823196,NMN,NOME DUPLICADO
431,2918634122193,NMN,NOME DUPLICADO
480,8472520523196,NMN,NOME DUPLICADO
508,13566463422839,NMN,NOME DUPLICADO
512,14092775772584,NMN,NOME DUPLICADO
518,71123087851989,NMN,NOME DUPLICADO
533,6299254973162,NMN,NOME DUPLICADO
570,16378499893349,NMN,NOME DUPLICADO
598,94258063831853,NMN,NOME DUPLICADO
609,76660619742210,NMN,NOME DUPLICADO
614,30817832902193,NMN,NOME DUPLICADO
626,268089373213332,NMN,NOME DUPLICADO
656,16177563973400,NMN,NOME DUPLICADO
724,6684269442890,NMN,NOME DUPLICADO
746,165480027252771,NMN,NOME DUPLICADO
820,83277089781972,NMN,NOME DUPLICADO
822,234685452712737,NMN,NOME DUPLICADO
836,253688621701700,NMN,NOME DUPLICADO
847,18302170592941,NMN,NOME DUPLICADO
851,276269379491819,NMN,NOME DUPLICADO
878,31132238891921,NMN,NOME DUPLICADO
932,32607702382142,NMN,NOME DUPLICADO
934,22907613902261,NMN,NOME DUPLICADO
943,34592875172584,NMN,NOME DUPLICADO
951,15879367991938,NMN,NOME DUPLICADO
976,21006635481802,NMN,NOME DUPLICADO
977,14831780562941,NMN,NOME DUPLICADO
982,20451501161734,NMN,NOME DUPLICADO
995,22965243392805,NMN,NOME DUPLICADO
58,122598932642125,NMN,NOME DUPLICADO
104,177656033648568,NMN,NOME DUPLICADO
116,17765603364151368,NMN,NOME DUPLICADO
129,17765603364435030,NMN,NOME DUPLICADO
142,17615616411717,NMN,NOME DUPLICADO
180,261258566324756957,NMN,NOME DUPLICADO
225,98690268982703,NMN,NOME DUPLICADO
239,91916351741785,NMN,NOME DUPLICADO
241,2356271912975,NMN,NOME DUPLICADO
254,234136618592873,NMN,NOME DUPLICADO
257,128515875291734,NMN,NOME DUPLICADO
259,97045422593264,NMN,NOME DUPLICADO
285,250938200032176,NMN,NOME DUPLICADO
289,237364895982261,NMN,NOME DUPLICADO
315,121181876052924,NMN,NOME DUPLICADO
329,73392807151751,NMN,NOME DUPLICADO
354,123924983133383,NMN,NOME DUPLICADO
357,250170107392737,NMN,NOME DUPLICADO
379,7168867532941,NMN,NOME DUPLICADO
391,97147508952805,NMN,NOME DUPLICADO
425,123977604251955,NMN,NOME DUPLICADO
429,60579107811785,NMN,NOME DUPLICADO
460,4818647282856,NMN,NOME DUPLICADO
466,6748465011785,NMN,NOME DUPLICADO
510,9998966502380,NMN,NOME DUPLICADO
530,20583507691836,NMN,NOME DUPLICADO
534,22166071693230,NMN,NOME DUPLICADO
565,249664892043179,NMN,NOME DUPLICADO
663,2866125711734,NMN,NOME DUPLICADO
673,157802733582975,NMN,NOME DUPLICADO
685,9904310331717,NMN,NOME DUPLICADO
686,29315417272958,NMN,NOME DUPLICADO
726,3724623332329,NMN,NOME DUPLICADO
784,22112820552856,NMN,NOME DUPLICADO
786,240811593793230,NMN,NOME DUPLICADO
813,261859177683060,NMN,NOME DUPLICADO
840,255852110381717,NMN,NOME DUPLICADO
864,6489474772635,NMN,NOME DUPLICADO
880,31027658463128,NMN,NOME DUPLICADO
915,212252764071819,NMN,NOME DUPLICADO
941,17431691031904,NMN,NOME DUPLICADO
942,15787812792618,NMN,NOME DUPLICADO
956,13477691292057,NMN,NOME DUPLICADO
963,17743588501819,NMN,NOME DUPLICADO
970,15249865303145,NMN,NOME DUPLICADO
984,25467801322329,NMN,NOME DUPLICADO
986,30209392532890,NMN,NOME DUPLICADO
994,7413861502040,NMN,NOME DUPLICADO
60,5371856861870,NMN,NOME DUPLICADO
72,17464414502244,NMN,NOME DUPLICADO
76,171842729282278,NMN,NOME DUPLICADO
94,9907896822329,NMN,NOME DUPLICADO
115,17765603364134844,NMN,NOME DUPLICADO
119,17765603364169762,NMN,NOME DUPLICADO
126,17765603364313854,NMN,NOME DUPLICADO
133,17765603364211157,NMN,NOME DUPLICADO
152,222751085021641,NMN,NOME DUPLICADO
170,47998466741768,NMN,NOME DUPLICADO
218,49613820681921,NMN,NOME DUPLICADO
242,212122086942414,NMN,NOME DUPLICADO
243,250806017212380,NMN,NOME DUPLICADO
250,227922725552380,NMN,NOME DUPLICADO
270,212191868882822,NMN,NOME DUPLICADO
278,227805030302193,NMN,NOME DUPLICADO
293,206453285472244,NMN,NOME DUPLICADO
295,191891653441717,NMN,NOME DUPLICADO
319,75180965752397,NMN,NOME DUPLICADO
326,73419126382550,NMN,NOME DUPLICADO
328,75654740793162,NMN,NOME DUPLICADO
335,73370490573060,NMN,NOME DUPLICADO
370,157219716542482,NMN,NOME DUPLICADO
424,3844552552159,NMN,NOME DUPLICADO
457,57439455162482,NMN,NOME DUPLICADO
495,10216337852040,NMN,NOME DUPLICADO
519,16681741812856,NMN,NOME DUPLICADO
524,17842886011751,NMN,NOME DUPLICADO
537,23208439781717,NMN,NOME DUPLICADO
543,22510773552380,NMN,NOME DUPLICADO
548,29314712112380,NMN,NOME DUPLICADO
550,25830640822448,NMN,NOME DUPLICADO
558,27857686822754,NMN,NOME DUPLICADO
582,7204770001768,NMN,NOME DUPLICADO
587,6597029012584,NMN,NOME DUPLICADO
593,17253117933281,NMN,NOME DUPLICADO
594,211913437612006,NMN,NOME DUPLICADO
602,6175982022805,NMN,NOME DUPLICADO
620,29973611883145,NMN,NOME DUPLICADO
635,66732123014076,NMN,NOME DUPLICADO
646,9313756178194,NMN,NOME DUPLICADO
648,10440887963519,NMN,NOME DUPLICADO
662,179853049213230,NMN,NOME DUPLICADO
671,16133768912975,NMN,NOME DUPLICADO
680,10002992271955,NMN,NOME DUPLICADO
681,27716836892992,NMN,NOME DUPLICADO
689,156610617252822,NMN,NOME DUPLICADO
691,179362581533298,NMN,NOME DUPLICADO
705,10618244372227,NMN,NOME DUPLICADO
743,278622770072176,NMN,NOME DUPLICADO
744,199803256751853,NMN,NOME DUPLICADO
749,95357731952720,NMN,NOME DUPLICADO
753,6080727621700,NMN,NOME DUPLICADO
755,142201308453281,NMN,NOME DUPLICADO
835,8670410382499,NMN,NOME DUPLICADO
850,257353742822669,NMN,NOME DUPLICADO
859,252694915431785,NMN,NOME DUPLICADO
861,255681259362890,NMN,NOME DUPLICADO
865,229633281871921,NMN,NOME DUPLICADO
871,251625817733060,NMN,NOME DUPLICADO
887,267484383503060,NMN,NOME DUPLICADO
968,15086470483043,NMN,NOME DUPLICADO
969,22905356812006,NMN,NOME DUPLICADO
993,7069197212380,NMN,NOME DUPLICADO
997,26159600852125,NMN,NOME DUPLICADO
1016,24924943721938,NMN,NOME DUPLICADO
81,251181439771836,NMN,NOME DUPLICADO
87,119010465881972,NMN,NOME DUPLICADO
105,1776560336413056,NMN,NOME DUPLICADO
118,17765603364165138,NMN,NOME DUPLICADO
124,17765603364238697,NMN,NOME DUPLICADO
125,17765603364250206,NMN,NOME DUPLICADO
